-- phpMyAdmin SQL Dump
-- version 4.3.11
-- http://www.phpmyadmin.net
--
-- Host: 127.0.0.1
-- Generation Time: Mar 08, 2018 at 12:58 PM
-- Server version: 5.6.24
-- PHP Version: 5.6.8

SET SQL_MODE = "NO_AUTO_VALUE_ON_ZERO";
SET time_zone = "+00:00";


/*!40101 SET @OLD_CHARACTER_SET_CLIENT=@@CHARACTER_SET_CLIENT */;
/*!40101 SET @OLD_CHARACTER_SET_RESULTS=@@CHARACTER_SET_RESULTS */;
/*!40101 SET @OLD_COLLATION_CONNECTION=@@COLLATION_CONNECTION */;
/*!40101 SET NAMES utf8 */;

--
-- Database: `diagnosa_cf`
--

-- --------------------------------------------------------

--
-- Table structure for table `admin`
--

CREATE TABLE IF NOT EXISTS `admin` (
  `id_admin` int(11) NOT NULL,
  `username_admin` varchar(255) NOT NULL,
  `password_admin` varchar(255) NOT NULL
) ENGINE=InnoDB AUTO_INCREMENT=2 DEFAULT CHARSET=latin1;

--
-- Dumping data for table `admin`
--

INSERT INTO `admin` (`id_admin`, `username_admin`, `password_admin`) VALUES
(1, 'admin', 'admin');

-- --------------------------------------------------------

--
-- Table structure for table `data_pasien`
--

CREATE TABLE IF NOT EXISTS `data_pasien` (
  `id_pasien` int(11) NOT NULL,
  `nik` varchar(30) NOT NULL,
  `nama_pasien` varchar(30) NOT NULL,
  `umur_pasien` varchar(20) NOT NULL,
  `email_pasien` varchar(50) NOT NULL,
  `alamat_pasien` tinytext NOT NULL,
  `password_pasien` varchar(255) NOT NULL
) ENGINE=InnoDB AUTO_INCREMENT=16 DEFAULT CHARSET=latin1;

--
-- Dumping data for table `data_pasien`
--

INSERT INTO `data_pasien` (`id_pasien`, `nik`, `nama_pasien`, `umur_pasien`, `email_pasien`, `alamat_pasien`, `password_pasien`) VALUES
(3, '1239957635', 'gigil ad', '21', 'gig@gmail.com', 'php playen, gunung kidul', '179ca57b33df2b96afa42e3d31a214059a110fb1'),
(4, '6396473', 'akbar', '21', 'akbar@gmail.com', 'php yogyakarta', '0a1b8c5698323b2291bf0120ad3f10e8daf279e3'),
(5, '512233232', 'Desi', '21', 'desi@gmail.com', 'yogya', 'd86754693fb60357c68efb0991f4d5a93783477e'),
(6, '3412334545', 'ratna', '21', 'ratna@gmail.com', 'jl.negara no 21, purworejo', ''),
(7, '6678', 'bejo', '19', 'joe@gmail.com', 'solo', ''),
(8, '5130411335', 'cindy', '32', 'cindy@gmail.com', 'cirebon', ''),
(9, '12345', 'annu', '23', 'definahanudin@gmail.com', 'lmpng', ''),
(10, '54321', 'itu', '23', 'itu@yahoo.com', 'jogja', 'fb96549631c835eb239cd614cc6b5cb7d295121a'),
(11, '123', 'qwe', '23', 'qwe', 'yk', '40bd001563085fc35165329ea1ff5c5ecbdbbeef'),
(12, '2323', 'asita', '21', 'asita@gmail.com', 'yogya', 'f37be93b674e3dcd988cba4a7cf66879468c3b35'),
(13, '121212', 'yogi', '23', 'yogi@gmail.com', 'yk', '03785d4e638cd09cea620fd0939bf06825be88df'),
(14, '141414', 'agatha', '23', 'agatha@gmail.com', 'solo', '7ca22d44703659029fd5328f0ccbac8c97ab769c'),
(15, '151515', 'inara', '12', 'inara@gmail.com', 'pklangon', '5e07e3a09df9cfee0ca0cc71c142cf5511535601');

-- --------------------------------------------------------

--
-- Table structure for table `gejala`
--

CREATE TABLE IF NOT EXISTS `gejala` (
  `id_gejala` int(11) NOT NULL,
  `nama_gejala` varchar(255) NOT NULL
) ENGINE=InnoDB AUTO_INCREMENT=35 DEFAULT CHARSET=latin1;

--
-- Dumping data for table `gejala`
--

INSERT INTO `gejala` (`id_gejala`, `nama_gejala`) VALUES
(22, 'Gigi berlubang'),
(23, 'Ngilu saat makan dan minum dingin'),
(24, 'Sakit Berdenyut Pada Gigi'),
(25, 'Tanda gingivitis disertai dengan penurunan gusi'),
(26, 'Kegoyangan gigi'),
(27, 'Gusi bengkak'),
(28, 'Sakitnya menyebar sampai ke telinga'),
(29, 'Adanya plak'),
(30, 'Gusi berwarna merah terang'),
(31, 'Gusinya berwarna merah gelap'),
(32, 'Adanya fragmen kecil sisa karang gigi'),
(33, 'Pembersihan karang gigi yang tidak bersih'),
(34, 'Adanya benda asing');

-- --------------------------------------------------------

--
-- Table structure for table `gejala_dipilih`
--

CREATE TABLE IF NOT EXISTS `gejala_dipilih` (
  `id_gejala_dipilih` int(11) NOT NULL,
  `id_rekam_medis` int(11) NOT NULL,
  `gejala_yg_dipilih` int(11) NOT NULL
) ENGINE=InnoDB AUTO_INCREMENT=643 DEFAULT CHARSET=latin1;

--
-- Dumping data for table `gejala_dipilih`
--

INSERT INTO `gejala_dipilih` (`id_gejala_dipilih`, `id_rekam_medis`, `gejala_yg_dipilih`) VALUES
(22, 62, 22),
(23, 62, 23),
(24, 62, 24),
(25, 62, 30),
(26, 62, 32),
(27, 62, 33),
(28, 62, 34),
(29, 63, 24),
(30, 63, 26),
(31, 63, 28),
(32, 63, 32),
(33, 63, 33),
(34, 63, 34),
(35, 64, 22),
(36, 64, 25),
(37, 64, 28),
(38, 64, 31),
(39, 65, 24),
(40, 65, 25),
(41, 65, 28),
(42, 65, 29),
(43, 65, 33),
(44, 66, 23),
(45, 66, 24),
(46, 66, 27),
(47, 66, 29),
(48, 66, 31),
(49, 67, 22),
(50, 67, 25),
(51, 67, 29),
(52, 68, 22),
(53, 69, 22),
(54, 69, 23),
(55, 69, 24),
(56, 70, 22),
(57, 70, 23),
(58, 71, 22),
(59, 71, 23),
(60, 72, 22),
(61, 72, 23),
(62, 73, 22),
(63, 73, 23),
(64, 74, 22),
(65, 74, 23),
(66, 75, 22),
(67, 75, 23),
(68, 76, 22),
(69, 76, 23),
(70, 77, 22),
(71, 77, 23),
(72, 78, 22),
(73, 78, 23),
(74, 79, 22),
(75, 79, 23),
(76, 80, 22),
(77, 80, 23),
(78, 81, 22),
(79, 81, 23),
(80, 82, 22),
(81, 82, 23),
(82, 83, 22),
(83, 83, 23),
(84, 84, 22),
(85, 84, 23),
(86, 85, 22),
(87, 85, 23),
(88, 86, 22),
(89, 86, 23),
(90, 87, 22),
(91, 87, 23),
(92, 88, 22),
(93, 88, 23),
(94, 89, 22),
(95, 89, 23),
(96, 90, 22),
(97, 90, 23),
(98, 91, 22),
(99, 91, 23),
(100, 92, 22),
(101, 92, 23),
(102, 93, 22),
(103, 93, 23),
(104, 94, 22),
(105, 94, 23),
(106, 95, 22),
(107, 95, 23),
(108, 96, 22),
(109, 96, 23),
(110, 97, 22),
(111, 97, 23),
(112, 98, 22),
(113, 98, 23),
(114, 99, 22),
(115, 99, 23),
(116, 100, 22),
(117, 100, 23),
(118, 101, 22),
(119, 101, 23),
(120, 102, 22),
(121, 102, 23),
(122, 103, 22),
(123, 103, 23),
(124, 104, 22),
(125, 104, 23),
(126, 105, 22),
(127, 105, 23),
(128, 106, 22),
(129, 106, 23),
(130, 107, 22),
(131, 107, 25),
(132, 107, 26),
(133, 107, 27),
(134, 108, 22),
(135, 108, 25),
(136, 108, 28),
(137, 108, 31),
(138, 108, 34),
(139, 109, 22),
(140, 109, 25),
(141, 109, 28),
(142, 109, 31),
(143, 109, 34),
(144, 110, 22),
(145, 110, 25),
(146, 110, 28),
(147, 110, 31),
(148, 110, 34),
(149, 111, 22),
(150, 111, 25),
(151, 111, 28),
(152, 111, 31),
(153, 111, 34),
(154, 112, 22),
(155, 112, 25),
(156, 112, 28),
(157, 112, 31),
(158, 112, 34),
(159, 113, 22),
(160, 113, 25),
(161, 113, 28),
(162, 113, 31),
(163, 113, 34),
(164, 114, 22),
(165, 114, 25),
(166, 114, 28),
(167, 114, 31),
(168, 114, 34),
(169, 115, 22),
(170, 115, 25),
(171, 115, 28),
(172, 115, 31),
(173, 115, 34),
(174, 116, 22),
(175, 116, 25),
(176, 116, 28),
(177, 116, 31),
(178, 116, 34),
(179, 117, 22),
(180, 117, 25),
(181, 117, 28),
(182, 117, 31),
(183, 117, 34),
(184, 118, 22),
(185, 118, 25),
(186, 118, 28),
(187, 118, 31),
(188, 118, 34),
(189, 119, 22),
(190, 119, 25),
(191, 119, 28),
(192, 119, 31),
(193, 119, 34),
(194, 120, 22),
(195, 120, 25),
(196, 120, 28),
(197, 120, 31),
(198, 120, 34),
(199, 121, 22),
(200, 121, 25),
(201, 121, 28),
(202, 121, 31),
(203, 121, 34),
(204, 122, 22),
(205, 122, 25),
(206, 122, 28),
(207, 122, 31),
(208, 122, 34),
(209, 123, 22),
(210, 123, 25),
(211, 123, 28),
(212, 123, 31),
(213, 123, 34),
(214, 124, 22),
(215, 124, 25),
(216, 124, 28),
(217, 124, 31),
(218, 124, 34),
(219, 125, 22),
(220, 125, 25),
(221, 125, 28),
(222, 125, 31),
(223, 125, 34),
(224, 126, 22),
(225, 126, 25),
(226, 126, 28),
(227, 126, 31),
(228, 126, 34),
(229, 127, 22),
(230, 127, 25),
(231, 127, 28),
(232, 127, 31),
(233, 127, 34),
(234, 128, 22),
(235, 128, 25),
(236, 128, 28),
(237, 128, 31),
(238, 128, 34),
(239, 129, 22),
(240, 129, 25),
(241, 129, 28),
(242, 129, 31),
(243, 129, 34),
(244, 130, 22),
(245, 130, 25),
(246, 130, 28),
(247, 130, 31),
(248, 130, 34),
(249, 131, 22),
(250, 131, 25),
(251, 131, 28),
(252, 131, 31),
(253, 131, 34),
(254, 132, 22),
(255, 132, 25),
(256, 132, 28),
(257, 132, 31),
(258, 132, 34),
(259, 133, 22),
(260, 133, 25),
(261, 133, 28),
(262, 133, 31),
(263, 133, 34),
(264, 134, 22),
(265, 134, 25),
(266, 134, 28),
(267, 134, 31),
(268, 134, 34),
(269, 135, 22),
(270, 135, 25),
(271, 135, 28),
(272, 135, 31),
(273, 135, 34),
(274, 136, 22),
(275, 136, 25),
(276, 136, 28),
(277, 136, 31),
(278, 136, 34),
(279, 137, 22),
(280, 137, 25),
(281, 137, 28),
(282, 137, 31),
(283, 137, 34),
(284, 138, 22),
(285, 138, 25),
(286, 138, 28),
(287, 138, 31),
(288, 138, 34),
(289, 139, 22),
(290, 139, 25),
(291, 139, 28),
(292, 139, 31),
(293, 139, 34),
(294, 140, 22),
(295, 140, 25),
(296, 140, 28),
(297, 140, 31),
(298, 140, 34),
(299, 141, 22),
(300, 141, 25),
(301, 141, 28),
(302, 141, 31),
(303, 141, 34),
(304, 142, 22),
(305, 142, 25),
(306, 142, 28),
(307, 142, 31),
(308, 142, 34),
(309, 143, 22),
(310, 143, 25),
(311, 143, 28),
(312, 143, 31),
(313, 143, 34),
(314, 144, 22),
(315, 144, 25),
(316, 144, 28),
(317, 144, 31),
(318, 144, 34),
(319, 145, 22),
(320, 145, 25),
(321, 145, 28),
(322, 145, 31),
(323, 145, 34),
(324, 146, 22),
(325, 146, 25),
(326, 146, 28),
(327, 146, 31),
(328, 146, 34),
(329, 147, 22),
(330, 147, 25),
(331, 147, 28),
(332, 147, 31),
(333, 147, 34),
(334, 148, 22),
(335, 148, 25),
(336, 148, 28),
(337, 148, 31),
(338, 148, 34),
(339, 149, 22),
(340, 149, 25),
(341, 149, 28),
(342, 149, 31),
(343, 149, 34),
(344, 150, 22),
(345, 150, 25),
(346, 150, 28),
(347, 150, 31),
(348, 150, 34),
(349, 151, 22),
(350, 151, 25),
(351, 151, 28),
(352, 151, 31),
(353, 151, 34),
(354, 152, 22),
(355, 152, 25),
(356, 152, 28),
(357, 152, 31),
(358, 152, 34),
(359, 153, 22),
(360, 153, 25),
(361, 153, 28),
(362, 153, 31),
(363, 153, 34),
(364, 154, 22),
(365, 154, 25),
(366, 154, 28),
(367, 154, 31),
(368, 154, 34),
(369, 155, 22),
(370, 155, 25),
(371, 155, 28),
(372, 155, 31),
(373, 155, 34),
(374, 156, 22),
(375, 156, 25),
(376, 156, 28),
(377, 156, 31),
(378, 156, 34),
(379, 157, 22),
(380, 157, 25),
(381, 157, 28),
(382, 157, 31),
(383, 157, 34),
(384, 158, 22),
(385, 158, 25),
(386, 158, 28),
(387, 158, 31),
(388, 158, 34),
(389, 159, 22),
(390, 159, 25),
(391, 159, 28),
(392, 159, 31),
(393, 159, 34),
(394, 160, 22),
(395, 160, 25),
(396, 160, 28),
(397, 160, 31),
(398, 160, 34),
(399, 161, 22),
(400, 161, 25),
(401, 161, 28),
(402, 161, 31),
(403, 161, 34),
(404, 162, 22),
(405, 162, 25),
(406, 162, 28),
(407, 162, 31),
(408, 162, 34),
(409, 163, 22),
(410, 163, 25),
(411, 163, 28),
(412, 163, 31),
(413, 163, 34),
(414, 164, 22),
(415, 164, 25),
(416, 164, 28),
(417, 164, 31),
(418, 164, 34),
(419, 165, 22),
(420, 165, 25),
(421, 165, 28),
(422, 165, 31),
(423, 165, 34),
(424, 166, 22),
(425, 166, 25),
(426, 166, 28),
(427, 166, 31),
(428, 166, 34),
(429, 167, 22),
(430, 167, 25),
(431, 167, 28),
(432, 167, 31),
(433, 167, 34),
(434, 168, 22),
(435, 168, 25),
(436, 168, 28),
(437, 168, 31),
(438, 168, 34),
(439, 169, 22),
(440, 169, 25),
(441, 169, 28),
(442, 169, 31),
(443, 169, 34),
(444, 170, 22),
(445, 170, 25),
(446, 170, 28),
(447, 170, 31),
(448, 170, 34),
(449, 171, 22),
(450, 171, 25),
(451, 171, 28),
(452, 171, 31),
(453, 171, 34),
(454, 172, 22),
(455, 172, 25),
(456, 172, 28),
(457, 172, 31),
(458, 172, 34),
(459, 173, 22),
(460, 173, 25),
(461, 173, 28),
(462, 173, 31),
(463, 173, 34),
(464, 174, 22),
(465, 174, 25),
(466, 174, 28),
(467, 174, 31),
(468, 174, 34),
(469, 175, 22),
(470, 175, 25),
(471, 175, 28),
(472, 175, 31),
(473, 175, 34),
(474, 176, 22),
(475, 176, 25),
(476, 176, 28),
(477, 176, 31),
(478, 176, 34),
(479, 177, 22),
(480, 177, 25),
(481, 177, 28),
(482, 177, 31),
(483, 177, 34),
(484, 178, 22),
(485, 178, 25),
(486, 178, 28),
(487, 178, 31),
(488, 178, 34),
(489, 179, 22),
(490, 179, 25),
(491, 179, 28),
(492, 179, 31),
(493, 179, 34),
(494, 180, 22),
(495, 180, 25),
(496, 180, 28),
(497, 180, 31),
(498, 180, 34),
(499, 181, 22),
(500, 181, 25),
(501, 181, 28),
(502, 181, 31),
(503, 181, 34),
(504, 182, 22),
(505, 182, 25),
(506, 182, 28),
(507, 182, 31),
(508, 182, 34),
(509, 183, 22),
(510, 183, 25),
(511, 183, 28),
(512, 183, 31),
(513, 183, 34),
(514, 184, 22),
(515, 184, 25),
(516, 184, 28),
(517, 184, 31),
(518, 184, 34),
(519, 185, 22),
(520, 185, 23),
(521, 185, 24),
(522, 186, 22),
(523, 186, 23),
(524, 186, 24),
(525, 187, 22),
(526, 187, 23),
(527, 188, 22),
(528, 188, 23),
(529, 189, 22),
(530, 189, 23),
(531, 189, 24),
(532, 190, 22),
(533, 190, 23),
(534, 190, 24),
(535, 190, 25),
(536, 191, 22),
(537, 191, 23),
(538, 191, 24),
(539, 192, 22),
(540, 192, 23),
(541, 192, 24),
(542, 193, 22),
(543, 193, 23),
(544, 193, 24),
(545, 194, 22),
(546, 194, 23),
(547, 195, 22),
(548, 195, 25),
(549, 195, 28),
(550, 195, 30),
(551, 195, 32),
(552, 195, 34),
(553, 196, 22),
(554, 196, 23),
(555, 196, 24),
(556, 196, 25),
(557, 197, 22),
(558, 197, 23),
(559, 197, 26),
(560, 197, 27),
(561, 199, 33),
(562, 199, 34),
(563, 200, 22),
(564, 200, 23),
(565, 200, 24),
(566, 201, 22),
(567, 201, 23),
(568, 201, 24),
(569, 202, 22),
(570, 202, 23),
(571, 203, 29),
(572, 203, 30),
(573, 203, 31),
(574, 203, 32),
(575, 203, 33),
(576, 203, 34),
(577, 204, 29),
(578, 204, 30),
(579, 204, 31),
(580, 204, 32),
(581, 204, 33),
(582, 204, 34),
(583, 205, 32),
(584, 205, 33),
(585, 205, 34),
(586, 206, 32),
(587, 206, 33),
(588, 206, 34),
(589, 207, 22),
(590, 207, 23),
(591, 208, 22),
(592, 208, 23),
(593, 209, 22),
(594, 209, 23),
(595, 210, 22),
(596, 210, 23),
(597, 211, 22),
(598, 211, 23),
(599, 212, 22),
(600, 212, 23),
(601, 213, 22),
(602, 213, 23),
(603, 213, 24),
(604, 214, 22),
(605, 214, 23),
(606, 214, 24),
(607, 214, 25),
(608, 214, 26),
(609, 215, 22),
(610, 215, 23),
(611, 215, 24),
(612, 215, 25),
(613, 215, 26),
(614, 216, 22),
(615, 216, 23),
(616, 216, 24),
(617, 216, 25),
(618, 216, 26),
(619, 217, 22),
(620, 217, 23),
(621, 217, 24),
(622, 217, 25),
(623, 217, 26),
(624, 218, 22),
(625, 218, 23),
(626, 218, 24),
(627, 219, 22),
(628, 219, 23),
(629, 219, 24),
(630, 220, 22),
(631, 220, 23),
(632, 220, 24),
(633, 221, 22),
(634, 221, 23),
(635, 222, 22),
(636, 222, 23),
(637, 223, 22),
(638, 223, 23),
(639, 223, 24),
(640, 224, 22),
(641, 224, 23),
(642, 224, 24);

-- --------------------------------------------------------

--
-- Table structure for table `hasil`
--

CREATE TABLE IF NOT EXISTS `hasil` (
  `id_hasil` int(11) NOT NULL,
  `id_pasien` int(11) NOT NULL,
  `id_gejala` int(11) NOT NULL,
  `id_penyakit` int(11) NOT NULL,
  `hasil` varchar(255) NOT NULL
) ENGINE=InnoDB DEFAULT CHARSET=latin1;

-- --------------------------------------------------------

--
-- Table structure for table `obat`
--

CREATE TABLE IF NOT EXISTS `obat` (
  `id_obat` int(11) NOT NULL,
  `nama_obat` varchar(255) NOT NULL
) ENGINE=InnoDB AUTO_INCREMENT=2 DEFAULT CHARSET=latin1;

--
-- Dumping data for table `obat`
--

INSERT INTO `obat` (`id_obat`, `nama_obat`) VALUES
(1, 'paramex');

-- --------------------------------------------------------

--
-- Table structure for table `obat_penyakit`
--

CREATE TABLE IF NOT EXISTS `obat_penyakit` (
  `id_obat_penyakit` int(11) NOT NULL,
  `id_penyakit` int(11) NOT NULL,
  `id_obat` int(11) NOT NULL
) ENGINE=InnoDB DEFAULT CHARSET=latin1;

-- --------------------------------------------------------

--
-- Table structure for table `pengaturan`
--

CREATE TABLE IF NOT EXISTS `pengaturan` (
  `id_pengaturan` int(11) NOT NULL,
  `judul_pengaturan` varchar(255) NOT NULL,
  `isi_pengaturan` text NOT NULL,
  `foto_pengaturan` varchar(255) NOT NULL
) ENGINE=InnoDB DEFAULT CHARSET=latin1;

-- --------------------------------------------------------

--
-- Table structure for table `pengetahuan`
--

CREATE TABLE IF NOT EXISTS `pengetahuan` (
  `id_pengetahuan` int(11) NOT NULL,
  `MB` varchar(255) NOT NULL,
  `MD` varchar(255) NOT NULL,
  `id_gejala` int(11) NOT NULL,
  `id_penyakit` int(11) NOT NULL
) ENGINE=InnoDB AUTO_INCREMENT=66 DEFAULT CHARSET=latin1;

--
-- Dumping data for table `pengetahuan`
--

INSERT INTO `pengetahuan` (`id_pengetahuan`, `MB`, `MD`, `id_gejala`, `id_penyakit`) VALUES
(1, '0.8', '0.3', 22, 1),
(2, '0.8', '0.2', 23, 1),
(3, '0.7', '0.2', 24, 1),
(4, '0.4', '0.8', 25, 1),
(5, '0.3', '0.7', 26, 1),
(6, '0.2', '0.6', 27, 1),
(7, '0.3', '0.8', 28, 1),
(8, '0.1', '0.9', 29, 1),
(9, '0.2', '0.7', 30, 1),
(10, '0.3', '0.8', 31, 1),
(11, '0.2', '0.9', 32, 1),
(12, '0.1', '0.7', 33, 1),
(13, '0.2', '0.6', 34, 1),
(14, '0.3', '0.8', 22, 7),
(15, '0.2', '0.7', 23, 7),
(16, '0.2', '0.8', 24, 7),
(17, '0.9', '0.1', 25, 7),
(18, '0.8', '0.3', 26, 7),
(19, '0.7', '0.4', 27, 7),
(20, '0.7', '0.5', 28, 7),
(21, '0.4', '0.8', 29, 7),
(22, '0.3', '0.9', 30, 7),
(23, '0.2', '0.7', 31, 7),
(24, '0.5', '0.6', 32, 7),
(25, '0.3', '0.7', 33, 7),
(26, '0.2', '0.7', 34, 7),
(27, '0.4', '0.6', 22, 8),
(28, '0.3', '0.8', 23, 8),
(29, '0.4', '0.7', 24, 8),
(30, '0.8', '0.5', 25, 8),
(31, '0.7', '0.3', 26, 8),
(32, '0.7', '0.3', 27, 8),
(33, '0.3', '0.7', 28, 8),
(34, '0.2', '0.8', 29, 8),
(35, '0.4', '0.8', 30, 8),
(36, '0.5', '0.7', 31, 8),
(37, '0.5', '0.8', 32, 8),
(38, '0.4', '0.9', 33, 8),
(39, '0.3', '0.7', 34, 8),
(40, '0.2', '0.8', 22, 9),
(41, '0.2', '0.8', 23, 9),
(42, '0.4', '0.8', 24, 9),
(43, '0.4', '0.8', 25, 9),
(44, '0.3', '0.7', 26, 9),
(45, '0.3', '0.7', 27, 9),
(46, '0.2', '0.9', 28, 9),
(47, '0.8', '0.3', 29, 9),
(48, '0.7', '0.4', 30, 9),
(49, '0.7', '0.3', 31, 9),
(50, '0.3', '0.8', 32, 9),
(51, '0.4', '0.7', 33, 9),
(52, '0.4', '0.6', 34, 9),
(53, '0.2', '0.6', 22, 10),
(54, '0.5', '0.5', 23, 10),
(55, '0.3', '0.7', 24, 10),
(56, '0.4', '0.7', 25, 10),
(57, '0.3', '0.6', 26, 10),
(58, '0.4', '0.8', 27, 10),
(59, '0.5', '0.8', 28, 10),
(60, '0.4', '0.7', 29, 10),
(61, '0.3', '0.8', 30, 10),
(62, '0.3', '0.8', 31, 10),
(63, '0.8', '0.2', 32, 10),
(64, '0.8', '0.3', 33, 10),
(65, '0.8', '0.2', 34, 10);

-- --------------------------------------------------------

--
-- Table structure for table `penyakit`
--

CREATE TABLE IF NOT EXISTS `penyakit` (
  `id_penyakit` int(11) NOT NULL,
  `nama_penyakit` varchar(255) NOT NULL,
  `deskripsi_penyakit` text NOT NULL,
  `pencegahan_penyakit` text NOT NULL,
  `nama_obat` varchar(255) NOT NULL,
  `foto_penyakit` varchar(255) NOT NULL
) ENGINE=InnoDB AUTO_INCREMENT=12 DEFAULT CHARSET=latin1;

--
-- Dumping data for table `penyakit`
--

INSERT INTO `penyakit` (`id_penyakit`, `nama_penyakit`, `deskripsi_penyakit`, `pencegahan_penyakit`, `nama_obat`, `foto_penyakit`) VALUES
(1, 'KARIES', 'Penyakit infeksi dan merupkan suatu proses demineralisasi pada jaringan keras permukaan gigi oleh asam organis yang berasal dari makanan yang mengandung gula.', 'Penambalan gigi, Pencabutan gigi.', 'Amoxicilin, Asam Menenamat, Paracetamol', '18-02-20-02-36-18_karies-gigi.jpg'),
(7, 'PERIODONTITIS', 'Penyakit yang sudah melibatkan gusi, ligament periodontal, sementum dan tulang alveolar', 'Pembersihan karang gig, iRoot planning, Bedah periodontal', 'Memakai Alat Ultrasonic,  Obat Kumur Chlorhexidine Gluconate', '18-02-20-02-33-59_Periodontitis-.png'),
(8, 'PERIKORONITIS', 'Peradangan dari jaringan lunak di sekitar mahkota gigi yang tumbuh sebagian atau impaksi', 'Kumur Antiseptic, Pencabutan gigi', 'Obat Kumur Chlorhexidine, Amoxicilin dan Asam Mefenamat  untuk Pencabutan Gigi', '18-02-20-02-43-17_perikoronitis-.jpg'),
(9, 'GINGIVITIS', 'Suatu penyakit infeksi yang hanya melibatkan gusi saja', 'Pembersihan karang gigi, root planning, instruksi kebersihan mulut', 'Memakai Alat Ultrasonic, Obat Kumur Chlorhexidine Gluconate\r\n', '18-02-20-02-45-44_gingivitis (1).png'),
(10, 'ABSES PERIODONTAL', 'Suatu infeksi yang terletak disekitar poket periodontal serta dapat mengakibatkan kerusakan ligamentum periodontal dan tulang', 'pencabutan gigi, pemberian antibiotic dan analgetik, pembersihan karang gigi dan bedah periodontal', 'Amoxicilin, Asam Menenamat, Paracetamol', '18-02-20-02-58-01_ABSES.jpg'),
(11, 'SARIAWAN', 'Keadaan patologis yang menimbulkan kerusakan seluruh lapsan epitel dan jaringan dibawahnya', 'Obat kumur antiseptic, Obat kortikosteroid topikal', 'Obat Kumur Chlorhexidine Gluconate, Kenalog', '18-02-20-02-56-37_sariawan-remaja.jpg');

-- --------------------------------------------------------

--
-- Table structure for table `penyakit_rekam_medis`
--

CREATE TABLE IF NOT EXISTS `penyakit_rekam_medis` (
  `id_penyakit_rekam_medis` int(11) NOT NULL,
  `id_rekam_medis` int(11) NOT NULL,
  `id_hasil_penyakit` int(11) NOT NULL,
  `nilai_cf_penyakit` varchar(50) NOT NULL
) ENGINE=InnoDB AUTO_INCREMENT=841 DEFAULT CHARSET=latin1;

--
-- Dumping data for table `penyakit_rekam_medis`
--

INSERT INTO `penyakit_rekam_medis` (`id_penyakit_rekam_medis`, `id_rekam_medis`, `id_hasil_penyakit`, `nilai_cf_penyakit`) VALUES
(31, 62, 1, '-0.82117647058824'),
(32, 62, 7, '-0.9892'),
(33, 62, 8, '-0.96472'),
(34, 62, 9, '-0.80882352941176'),
(35, 62, 10, '0.74347826086957'),
(36, 63, 1, '-0.94857142857143'),
(37, 63, 7, '-0.63330786860199'),
(38, 63, 8, '-0.83846153846154'),
(39, 63, 9, '-0.96976'),
(40, 63, 10, '0.76490066225166'),
(41, 64, 1, '-0.64285714285714'),
(42, 64, 7, '-0.093333333333333'),
(43, 64, 8, '-0.38095238095238'),
(44, 64, 9, '-0.27385892116183'),
(45, 64, 10, '-0.853'),
(46, 65, 1, '-0.94285714285714'),
(47, 65, 7, '-0.44285714285714'),
(48, 65, 8, '-0.85714285714286'),
(49, 65, 9, '-0.44503171247357'),
(50, 65, 10, '-0.16397280124847'),
(51, 66, 1, '-0.64285714285714'),
(52, 66, 7, '-0.78333333333333'),
(53, 66, 8, '-0.72848484848485'),
(54, 66, 9, '0.1746835443038'),
(55, 66, 10, '-0.85'),
(56, 67, 1, '-0.4047619047619'),
(57, 67, 7, '-0.14285714285714'),
(58, 67, 8, '-0.32291666666667'),
(59, 67, 9, '-0.14772727272727'),
(60, 67, 10, '-0.706'),
(61, 68, 1, '0.5'),
(62, 68, 7, '-0.5'),
(63, 68, 8, '-0.2'),
(64, 68, 9, '-0.6'),
(65, 68, 10, '-0.4'),
(66, 69, 1, '0.9'),
(67, 69, 7, '-0.9'),
(68, 69, 8, '-0.72'),
(69, 69, 9, '-0.904'),
(70, 69, 10, '-0.57142857142857'),
(71, 70, 1, '0.8'),
(72, 70, 7, '-0.75'),
(73, 70, 8, '-0.6'),
(74, 70, 9, '-0.84'),
(75, 70, 10, '-0.28571428571429'),
(76, 71, 1, '0.8'),
(77, 71, 7, '-0.75'),
(78, 71, 8, '-0.6'),
(79, 71, 9, '-0.84'),
(80, 71, 10, '-0.28571428571429'),
(81, 72, 1, '0.8'),
(82, 72, 7, '-0.75'),
(83, 72, 8, '-0.6'),
(84, 72, 9, '-0.84'),
(85, 72, 10, '-0.28571428571429'),
(86, 73, 1, '0.8'),
(87, 73, 7, '-0.75'),
(88, 73, 8, '-0.6'),
(89, 73, 9, '-0.84'),
(90, 73, 10, '-0.28571428571429'),
(91, 74, 1, '0.8'),
(92, 74, 7, '-0.75'),
(93, 74, 8, '-0.6'),
(94, 74, 9, '-0.84'),
(95, 74, 10, '-0.28571428571429'),
(96, 75, 1, '0.8'),
(97, 75, 7, '-0.75'),
(98, 75, 8, '-0.6'),
(99, 75, 9, '-0.84'),
(100, 75, 10, '-0.28571428571429'),
(101, 76, 1, '0.8'),
(102, 76, 7, '-0.75'),
(103, 76, 8, '-0.6'),
(104, 76, 9, '-0.84'),
(105, 76, 10, '-0.28571428571429'),
(106, 77, 1, '0.8'),
(107, 77, 7, '-0.75'),
(108, 77, 8, '-0.6'),
(109, 77, 9, '-0.84'),
(110, 77, 10, '-0.28571428571429'),
(111, 78, 1, '0.8'),
(112, 78, 7, '-0.75'),
(113, 78, 8, '-0.6'),
(114, 78, 9, '-0.84'),
(115, 78, 10, '-0.28571428571429'),
(116, 79, 1, '0.8'),
(117, 79, 7, '-0.75'),
(118, 79, 8, '-0.6'),
(119, 79, 9, '-0.84'),
(120, 79, 10, '-0.28571428571429'),
(121, 80, 1, '0.8'),
(122, 80, 7, '-0.75'),
(123, 80, 8, '-0.6'),
(124, 80, 9, '-0.84'),
(125, 80, 10, '-0.28571428571429'),
(126, 81, 1, '0.8'),
(127, 81, 7, '-0.75'),
(128, 81, 8, '-0.6'),
(129, 81, 9, '-0.84'),
(130, 81, 10, '-0.28571428571429'),
(131, 82, 1, '0.8'),
(132, 82, 7, '-0.75'),
(133, 82, 8, '-0.6'),
(134, 82, 9, '-0.84'),
(135, 82, 10, '-0.28571428571429'),
(136, 83, 1, '0.8'),
(137, 83, 7, '-0.75'),
(138, 83, 8, '-0.6'),
(139, 83, 9, '-0.84'),
(140, 83, 10, '-0.28571428571429'),
(141, 84, 1, '0.8'),
(142, 84, 7, '-0.75'),
(143, 84, 8, '-0.6'),
(144, 84, 9, '-0.84'),
(145, 84, 10, '-0.28571428571429'),
(146, 85, 1, '0.8'),
(147, 85, 7, '-0.75'),
(148, 85, 8, '-0.6'),
(149, 85, 9, '-0.84'),
(150, 85, 10, '-0.28571428571429'),
(151, 86, 1, '0.8'),
(152, 86, 7, '-0.75'),
(153, 86, 8, '-0.6'),
(154, 86, 9, '-0.84'),
(155, 86, 10, '-0.28571428571429'),
(156, 87, 1, '0.8'),
(157, 87, 7, '-0.75'),
(158, 87, 8, '-0.6'),
(159, 87, 9, '-0.84'),
(160, 87, 10, '-0.28571428571429'),
(161, 88, 1, '0.8'),
(162, 88, 7, '-0.75'),
(163, 88, 8, '-0.6'),
(164, 88, 9, '-0.84'),
(165, 88, 10, '-0.28571428571429'),
(166, 89, 1, '0.8'),
(167, 89, 7, '-0.75'),
(168, 89, 8, '-0.6'),
(169, 89, 9, '-0.84'),
(170, 89, 10, '-0.28571428571429'),
(171, 90, 1, '0.8'),
(172, 90, 7, '-0.75'),
(173, 90, 8, '-0.6'),
(174, 90, 9, '-0.84'),
(175, 90, 10, '-0.28571428571429'),
(176, 91, 1, '0.8'),
(177, 91, 7, '-0.75'),
(178, 91, 8, '-0.6'),
(179, 91, 9, '-0.84'),
(180, 91, 10, '-0.28571428571429'),
(181, 92, 1, '0.8'),
(182, 92, 7, '-0.75'),
(183, 92, 8, '-0.6'),
(184, 92, 9, '-0.84'),
(185, 92, 10, '-0.28571428571429'),
(186, 93, 1, '0.8'),
(187, 93, 7, '-0.75'),
(188, 93, 8, '-0.6'),
(189, 93, 9, '-0.84'),
(190, 93, 10, '-0.28571428571429'),
(191, 94, 1, '0.8'),
(192, 94, 7, '-0.75'),
(193, 94, 8, '-0.6'),
(194, 94, 9, '-0.84'),
(195, 94, 10, '-0.28571428571429'),
(196, 95, 1, '0.8'),
(197, 95, 7, '-0.75'),
(198, 95, 8, '-0.6'),
(199, 95, 9, '-0.84'),
(200, 95, 10, '-0.28571428571429'),
(201, 96, 1, '0.8'),
(202, 96, 7, '-0.75'),
(203, 96, 8, '-0.6'),
(204, 96, 9, '-0.84'),
(205, 96, 10, '-0.28571428571429'),
(206, 97, 1, '0.8'),
(207, 97, 7, '-0.75'),
(208, 97, 8, '-0.6'),
(209, 97, 9, '-0.84'),
(210, 97, 10, '-0.28571428571429'),
(211, 98, 1, '0.8'),
(212, 98, 7, '-0.75'),
(213, 98, 8, '-0.6'),
(214, 98, 9, '-0.84'),
(215, 98, 10, '-0.28571428571429'),
(216, 99, 1, '0.8'),
(217, 99, 7, '-0.75'),
(218, 99, 8, '-0.6'),
(219, 99, 9, '-0.84'),
(220, 99, 10, '-0.28571428571429'),
(221, 100, 1, '0.8'),
(222, 100, 7, '-0.75'),
(223, 100, 8, '-0.6'),
(224, 100, 9, '-0.84'),
(225, 100, 10, '-0.28571428571429'),
(226, 101, 1, '0.8'),
(227, 101, 7, '-0.75'),
(228, 101, 8, '-0.6'),
(229, 101, 9, '-0.84'),
(230, 101, 10, '-0.28571428571429'),
(231, 102, 1, '0.8'),
(232, 102, 7, '-0.75'),
(233, 102, 8, '-0.6'),
(234, 102, 9, '-0.84'),
(235, 102, 10, '-0.28571428571429'),
(236, 103, 1, '0.8'),
(237, 103, 7, '-0.75'),
(238, 103, 8, '-0.6'),
(239, 103, 9, '-0.84'),
(240, 103, 10, '-0.28571428571429'),
(241, 104, 1, '0.8'),
(242, 104, 7, '-0.75'),
(243, 104, 8, '-0.6'),
(244, 104, 9, '-0.84'),
(245, 104, 10, '-0.28571428571429'),
(246, 105, 1, '0.8'),
(247, 105, 7, '-0.75'),
(248, 105, 8, '-0.6'),
(249, 105, 9, '-0.84'),
(250, 105, 10, '-0.28571428571429'),
(251, 106, 1, '0.8'),
(252, 106, 7, '-0.75'),
(253, 106, 8, '-0.6'),
(254, 106, 9, '-0.84'),
(255, 106, 10, '-0.28571428571429'),
(256, 107, 1, '-0.54081632653061'),
(257, 107, 7, '0.72'),
(258, 107, 8, '0.67'),
(259, 107, 9, '-0.9136'),
(260, 107, 10, '-0.8236'),
(261, 108, 1, '-0.78571428571429'),
(262, 108, 7, '-0.54666666666667'),
(263, 108, 8, '-0.62857142857143'),
(264, 108, 9, '-0.41908713692946'),
(265, 108, 10, '-0.13653534808419'),
(266, 109, 1, '-0.78571428571429'),
(267, 109, 7, '-0.54666666666667'),
(268, 109, 8, '-0.62857142857143'),
(269, 109, 9, '-0.41908713692946'),
(270, 109, 10, '-0.13653534808419'),
(271, 110, 1, '-0.78571428571429'),
(272, 110, 7, '-0.54666666666667'),
(273, 110, 8, '-0.62857142857143'),
(274, 110, 9, '-0.41908713692946'),
(275, 110, 10, '-0.13653534808419'),
(276, 111, 1, '-0.78571428571429'),
(277, 111, 7, '-0.54666666666667'),
(278, 111, 8, '-0.62857142857143'),
(279, 111, 9, '-0.41908713692946'),
(280, 111, 10, '-0.13653534808419'),
(281, 112, 1, '-0.78571428571429'),
(282, 112, 7, '-0.54666666666667'),
(283, 112, 8, '-0.62857142857143'),
(284, 112, 9, '-0.41908713692946'),
(285, 112, 10, '-0.13653534808419'),
(286, 113, 1, '-0.78571428571429'),
(287, 113, 7, '-0.54666666666667'),
(288, 113, 8, '-0.62857142857143'),
(289, 113, 9, '-0.41908713692946'),
(290, 113, 10, '-0.13653534808419'),
(291, 114, 1, '-0.78571428571429'),
(292, 114, 7, '-0.54666666666667'),
(293, 114, 8, '-0.62857142857143'),
(294, 114, 9, '-0.41908713692946'),
(295, 114, 10, '-0.13653534808419'),
(296, 115, 1, '-0.78571428571429'),
(297, 115, 7, '-0.54666666666667'),
(298, 115, 8, '-0.62857142857143'),
(299, 115, 9, '-0.41908713692946'),
(300, 115, 10, '-0.13653534808419'),
(301, 116, 1, '-0.78571428571429'),
(302, 116, 7, '-0.54666666666667'),
(303, 116, 8, '-0.62857142857143'),
(304, 116, 9, '-0.41908713692946'),
(305, 116, 10, '-0.13653534808419'),
(306, 117, 1, '-0.78571428571429'),
(307, 117, 7, '-0.54666666666667'),
(308, 117, 8, '-0.62857142857143'),
(309, 117, 9, '-0.41908713692946'),
(310, 117, 10, '-0.13653534808419'),
(311, 118, 1, '-0.78571428571429'),
(312, 118, 7, '-0.54666666666667'),
(313, 118, 8, '-0.62857142857143'),
(314, 118, 9, '-0.41908713692946'),
(315, 118, 10, '-0.13653534808419'),
(316, 119, 1, '-0.78571428571429'),
(317, 119, 7, '-0.54666666666667'),
(318, 119, 8, '-0.62857142857143'),
(319, 119, 9, '-0.41908713692946'),
(320, 119, 10, '-0.13653534808419'),
(321, 120, 1, '-0.78571428571429'),
(322, 120, 7, '-0.54666666666667'),
(323, 120, 8, '-0.62857142857143'),
(324, 120, 9, '-0.41908713692946'),
(325, 120, 10, '-0.13653534808419'),
(326, 121, 1, '-0.78571428571429'),
(327, 121, 7, '-0.54666666666667'),
(328, 121, 8, '-0.62857142857143'),
(329, 121, 9, '-0.41908713692946'),
(330, 121, 10, '-0.13653534808419'),
(331, 122, 1, '-0.78571428571429'),
(332, 122, 7, '-0.54666666666667'),
(333, 122, 8, '-0.62857142857143'),
(334, 122, 9, '-0.41908713692946'),
(335, 122, 10, '-0.13653534808419'),
(336, 123, 1, '-0.78571428571429'),
(337, 123, 7, '-0.54666666666667'),
(338, 123, 8, '-0.62857142857143'),
(339, 123, 9, '-0.41908713692946'),
(340, 123, 10, '-0.13653534808419'),
(341, 124, 1, '-0.78571428571429'),
(342, 124, 7, '-0.54666666666667'),
(343, 124, 8, '-0.62857142857143'),
(344, 124, 9, '-0.41908713692946'),
(345, 124, 10, '-0.13653534808419'),
(346, 125, 1, '-0.78571428571429'),
(347, 125, 7, '-0.54666666666667'),
(348, 125, 8, '-0.62857142857143'),
(349, 125, 9, '-0.41908713692946'),
(350, 125, 10, '-0.13653534808419'),
(351, 126, 1, '-0.78571428571429'),
(352, 126, 7, '-0.54666666666667'),
(353, 126, 8, '-0.62857142857143'),
(354, 126, 9, '-0.41908713692946'),
(355, 126, 10, '-0.13653534808419'),
(356, 127, 1, '-0.78571428571429'),
(357, 127, 7, '-0.54666666666667'),
(358, 127, 8, '-0.62857142857143'),
(359, 127, 9, '-0.41908713692946'),
(360, 127, 10, '-0.13653534808419'),
(361, 128, 1, '-0.78571428571429'),
(362, 128, 7, '-0.54666666666667'),
(363, 128, 8, '-0.62857142857143'),
(364, 128, 9, '-0.41908713692946'),
(365, 128, 10, '-0.13653534808419'),
(366, 129, 1, '-0.78571428571429'),
(367, 129, 7, '-0.54666666666667'),
(368, 129, 8, '-0.62857142857143'),
(369, 129, 9, '-0.41908713692946'),
(370, 129, 10, '-0.13653534808419'),
(371, 130, 1, '-0.78571428571429'),
(372, 130, 7, '-0.54666666666667'),
(373, 130, 8, '-0.62857142857143'),
(374, 130, 9, '-0.41908713692946'),
(375, 130, 10, '-0.13653534808419'),
(376, 131, 1, '-0.78571428571429'),
(377, 131, 7, '-0.54666666666667'),
(378, 131, 8, '-0.62857142857143'),
(379, 131, 9, '-0.41908713692946'),
(380, 131, 10, '-0.13653534808419'),
(381, 132, 1, '-0.78571428571429'),
(382, 132, 7, '-0.54666666666667'),
(383, 132, 8, '-0.62857142857143'),
(384, 132, 9, '-0.41908713692946'),
(385, 132, 10, '-0.13653534808419'),
(386, 133, 1, '-0.78571428571429'),
(387, 133, 7, '-0.54666666666667'),
(388, 133, 8, '-0.62857142857143'),
(389, 133, 9, '-0.41908713692946'),
(390, 133, 10, '-0.13653534808419'),
(391, 134, 1, '-0.78571428571429'),
(392, 134, 7, '-0.54666666666667'),
(393, 134, 8, '-0.62857142857143'),
(394, 134, 9, '-0.41908713692946'),
(395, 134, 10, '-0.13653534808419'),
(396, 135, 1, '-0.78571428571429'),
(397, 135, 7, '-0.54666666666667'),
(398, 135, 8, '-0.62857142857143'),
(399, 135, 9, '-0.41908713692946'),
(400, 135, 10, '-0.13653534808419'),
(401, 136, 1, '-0.78571428571429'),
(402, 136, 7, '-0.54666666666667'),
(403, 136, 8, '-0.62857142857143'),
(404, 136, 9, '-0.41908713692946'),
(405, 136, 10, '-0.13653534808419'),
(406, 137, 1, '-0.78571428571429'),
(407, 137, 7, '-0.54666666666667'),
(408, 137, 8, '-0.62857142857143'),
(409, 137, 9, '-0.41908713692946'),
(410, 137, 10, '-0.13653534808419'),
(411, 138, 1, '-0.78571428571429'),
(412, 138, 7, '-0.54666666666667'),
(413, 138, 8, '-0.62857142857143'),
(414, 138, 9, '-0.41908713692946'),
(415, 138, 10, '-0.13653534808419'),
(416, 139, 1, '-0.78571428571429'),
(417, 139, 7, '-0.54666666666667'),
(418, 139, 8, '-0.62857142857143'),
(419, 139, 9, '-0.41908713692946'),
(420, 139, 10, '-0.13653534808419'),
(421, 140, 1, '-0.78571428571429'),
(422, 140, 7, '-0.54666666666667'),
(423, 140, 8, '-0.62857142857143'),
(424, 140, 9, '-0.41908713692946'),
(425, 140, 10, '-0.13653534808419'),
(426, 141, 1, '-0.78571428571429'),
(427, 141, 7, '-0.54666666666667'),
(428, 141, 8, '-0.62857142857143'),
(429, 141, 9, '-0.41908713692946'),
(430, 141, 10, '-0.13653534808419'),
(431, 142, 1, '-0.78571428571429'),
(432, 142, 7, '-0.54666666666667'),
(433, 142, 8, '-0.62857142857143'),
(434, 142, 9, '-0.41908713692946'),
(435, 142, 10, '-0.13653534808419'),
(436, 143, 1, '-0.78571428571429'),
(437, 143, 7, '-0.54666666666667'),
(438, 143, 8, '-0.62857142857143'),
(439, 143, 9, '-0.41908713692946'),
(440, 143, 10, '-0.13653534808419'),
(441, 144, 1, '-0.78571428571429'),
(442, 144, 7, '-0.54666666666667'),
(443, 144, 8, '-0.62857142857143'),
(444, 144, 9, '-0.41908713692946'),
(445, 144, 10, '-0.13653534808419'),
(446, 145, 1, '-0.78571428571429'),
(447, 145, 7, '-0.54666666666667'),
(448, 145, 8, '-0.62857142857143'),
(449, 145, 9, '-0.41908713692946'),
(450, 145, 10, '-0.13653534808419'),
(451, 146, 1, '-0.78571428571429'),
(452, 146, 7, '-0.54666666666667'),
(453, 146, 8, '-0.62857142857143'),
(454, 146, 9, '-0.41908713692946'),
(455, 146, 10, '-0.13653534808419'),
(456, 147, 1, '-0.78571428571429'),
(457, 147, 7, '-0.54666666666667'),
(458, 147, 8, '-0.62857142857143'),
(459, 147, 9, '-0.41908713692946'),
(460, 147, 10, '-0.13653534808419'),
(461, 148, 1, '-0.78571428571429'),
(462, 148, 7, '-0.54666666666667'),
(463, 148, 8, '-0.62857142857143'),
(464, 148, 9, '-0.41908713692946'),
(465, 148, 10, '-0.13653534808419'),
(466, 149, 1, '-0.78571428571429'),
(467, 149, 7, '-0.54666666666667'),
(468, 149, 8, '-0.62857142857143'),
(469, 149, 9, '-0.41908713692946'),
(470, 149, 10, '-0.13653534808419'),
(471, 150, 1, '-0.78571428571429'),
(472, 150, 7, '-0.54666666666667'),
(473, 150, 8, '-0.62857142857143'),
(474, 150, 9, '-0.41908713692946'),
(475, 150, 10, '-0.13653534808419'),
(476, 151, 1, '-0.78571428571429'),
(477, 151, 7, '-0.54666666666667'),
(478, 151, 8, '-0.62857142857143'),
(479, 151, 9, '-0.41908713692946'),
(480, 151, 10, '-0.13653534808419'),
(481, 152, 1, '-0.78571428571429'),
(482, 152, 7, '-0.54666666666667'),
(483, 152, 8, '-0.62857142857143'),
(484, 152, 9, '-0.41908713692946'),
(485, 152, 10, '-0.13653534808419'),
(486, 153, 1, '-0.78571428571429'),
(487, 153, 7, '-0.54666666666667'),
(488, 153, 8, '-0.62857142857143'),
(489, 153, 9, '-0.41908713692946'),
(490, 153, 10, '-0.13653534808419'),
(491, 154, 1, '-0.78571428571429'),
(492, 154, 7, '-0.54666666666667'),
(493, 154, 8, '-0.62857142857143'),
(494, 154, 9, '-0.41908713692946'),
(495, 154, 10, '-0.13653534808419'),
(496, 155, 1, '-0.78571428571429'),
(497, 155, 7, '-0.54666666666667'),
(498, 155, 8, '-0.62857142857143'),
(499, 155, 9, '-0.41908713692946'),
(500, 155, 10, '-0.13653534808419'),
(501, 156, 1, '-0.78571428571429'),
(502, 156, 7, '-0.54666666666667'),
(503, 156, 8, '-0.62857142857143'),
(504, 156, 9, '-0.41908713692946'),
(505, 156, 10, '-0.13653534808419'),
(506, 157, 1, '-0.78571428571429'),
(507, 157, 7, '-0.54666666666667'),
(508, 157, 8, '-0.62857142857143'),
(509, 157, 9, '-0.41908713692946'),
(510, 157, 10, '-0.13653534808419'),
(511, 158, 1, '-0.78571428571429'),
(512, 158, 7, '-0.54666666666667'),
(513, 158, 8, '-0.62857142857143'),
(514, 158, 9, '-0.41908713692946'),
(515, 158, 10, '-0.13653534808419'),
(516, 159, 1, '-0.78571428571429'),
(517, 159, 7, '-0.54666666666667'),
(518, 159, 8, '-0.62857142857143'),
(519, 159, 9, '-0.41908713692946'),
(520, 159, 10, '-0.13653534808419'),
(521, 160, 1, '-0.78571428571429'),
(522, 160, 7, '-0.54666666666667'),
(523, 160, 8, '-0.62857142857143'),
(524, 160, 9, '-0.41908713692946'),
(525, 160, 10, '-0.13653534808419'),
(526, 161, 1, '-0.78571428571429'),
(527, 161, 7, '-0.54666666666667'),
(528, 161, 8, '-0.62857142857143'),
(529, 161, 9, '-0.41908713692946'),
(530, 161, 10, '-0.13653534808419'),
(531, 162, 1, '-0.78571428571429'),
(532, 162, 7, '-0.54666666666667'),
(533, 162, 8, '-0.62857142857143'),
(534, 162, 9, '-0.41908713692946'),
(535, 162, 10, '-0.13653534808419'),
(536, 163, 1, '-0.78571428571429'),
(537, 163, 7, '-0.54666666666667'),
(538, 163, 8, '-0.62857142857143'),
(539, 163, 9, '-0.41908713692946'),
(540, 163, 10, '-0.13653534808419'),
(541, 164, 1, '-0.78571428571429'),
(542, 164, 7, '-0.54666666666667'),
(543, 164, 8, '-0.62857142857143'),
(544, 164, 9, '-0.41908713692946'),
(545, 164, 10, '-0.13653534808419'),
(546, 165, 1, '-0.78571428571429'),
(547, 165, 7, '-0.54666666666667'),
(548, 165, 8, '-0.62857142857143'),
(549, 165, 9, '-0.41908713692946'),
(550, 165, 10, '-0.13653534808419'),
(551, 166, 1, '-0.78571428571429'),
(552, 166, 7, '-0.54666666666667'),
(553, 166, 8, '-0.62857142857143'),
(554, 166, 9, '-0.41908713692946'),
(555, 166, 10, '-0.13653534808419'),
(556, 167, 1, '-0.78571428571429'),
(557, 167, 7, '-0.54666666666667'),
(558, 167, 8, '-0.62857142857143'),
(559, 167, 9, '-0.41908713692946'),
(560, 167, 10, '-0.13653534808419'),
(561, 168, 1, '-0.78571428571429'),
(562, 168, 7, '-0.54666666666667'),
(563, 168, 8, '-0.62857142857143'),
(564, 168, 9, '-0.41908713692946'),
(565, 168, 10, '-0.13653534808419'),
(566, 169, 1, '-0.78571428571429'),
(567, 169, 7, '-0.54666666666667'),
(568, 169, 8, '-0.62857142857143'),
(569, 169, 9, '-0.41908713692946'),
(570, 169, 10, '-0.13653534808419'),
(571, 170, 1, '-0.78571428571429'),
(572, 170, 7, '-0.54666666666667'),
(573, 170, 8, '-0.62857142857143'),
(574, 170, 9, '-0.41908713692946'),
(575, 170, 10, '-0.13653534808419'),
(576, 171, 1, '-0.78571428571429'),
(577, 171, 7, '-0.54666666666667'),
(578, 171, 8, '-0.62857142857143'),
(579, 171, 9, '-0.41908713692946'),
(580, 171, 10, '-0.13653534808419'),
(581, 172, 1, '-0.78571428571429'),
(582, 172, 7, '-0.54666666666667'),
(583, 172, 8, '-0.62857142857143'),
(584, 172, 9, '-0.41908713692946'),
(585, 172, 10, '-0.13653534808419'),
(586, 173, 1, '-0.78571428571429'),
(587, 173, 7, '-0.54666666666667'),
(588, 173, 8, '-0.62857142857143'),
(589, 173, 9, '-0.41908713692946'),
(590, 173, 10, '-0.13653534808419'),
(591, 174, 1, '-0.78571428571429'),
(592, 174, 7, '-0.54666666666667'),
(593, 174, 8, '-0.62857142857143'),
(594, 174, 9, '-0.41908713692946'),
(595, 174, 10, '-0.13653534808419'),
(596, 175, 1, '-0.78571428571429'),
(597, 175, 7, '-0.54666666666667'),
(598, 175, 8, '-0.62857142857143'),
(599, 175, 9, '-0.41908713692946'),
(600, 175, 10, '-0.13653534808419'),
(601, 176, 1, '-0.78571428571429'),
(602, 176, 7, '-0.54666666666667'),
(603, 176, 8, '-0.62857142857143'),
(604, 176, 9, '-0.41908713692946'),
(605, 176, 10, '-0.13653534808419'),
(606, 177, 1, '-0.78571428571429'),
(607, 177, 7, '-0.54666666666667'),
(608, 177, 8, '-0.62857142857143'),
(609, 177, 9, '-0.41908713692946'),
(610, 177, 10, '-0.13653534808419'),
(611, 178, 1, '-0.78571428571429'),
(612, 178, 7, '-0.54666666666667'),
(613, 178, 8, '-0.62857142857143'),
(614, 178, 9, '-0.41908713692946'),
(615, 178, 10, '-0.13653534808419'),
(616, 179, 1, '-0.78571428571429'),
(617, 179, 7, '-0.54666666666667'),
(618, 179, 8, '-0.62857142857143'),
(619, 179, 9, '-0.41908713692946'),
(620, 179, 10, '-0.13653534808419'),
(621, 180, 1, '-0.78571428571429'),
(622, 180, 7, '-0.54666666666667'),
(623, 180, 8, '-0.62857142857143'),
(624, 180, 9, '-0.41908713692946'),
(625, 180, 10, '-0.13653534808419'),
(626, 181, 1, '-0.78571428571429'),
(627, 181, 7, '-0.54666666666667'),
(628, 181, 8, '-0.62857142857143'),
(629, 181, 9, '-0.41908713692946'),
(630, 181, 10, '-0.13653534808419'),
(631, 182, 1, '-0.78571428571429'),
(632, 182, 7, '-0.54666666666667'),
(633, 182, 8, '-0.62857142857143'),
(634, 182, 9, '-0.41908713692946'),
(635, 182, 10, '-0.13653534808419'),
(636, 183, 1, '-0.78571428571429'),
(637, 183, 7, '-0.54666666666667'),
(638, 183, 8, '-0.62857142857143'),
(639, 183, 9, '-0.41908713692946'),
(640, 183, 10, '-0.13653534808419'),
(641, 184, 1, '-0.78571428571429'),
(642, 184, 7, '-0.54666666666667'),
(643, 184, 8, '-0.62857142857143'),
(644, 184, 9, '-0.41908713692946'),
(645, 184, 10, '-0.13653534808419'),
(646, 185, 1, '0.9'),
(647, 185, 7, '-0.9'),
(648, 185, 8, '-0.72'),
(649, 185, 9, '-0.904'),
(650, 185, 10, '-0.57142857142857'),
(651, 186, 1, '0.9'),
(652, 186, 7, '-0.9'),
(653, 186, 8, '-0.72'),
(654, 186, 9, '-0.904'),
(655, 186, 10, '-0.57142857142857'),
(656, 187, 1, '0.8'),
(657, 187, 7, '-0.75'),
(658, 187, 8, '-0.6'),
(659, 187, 9, '-0.84'),
(660, 187, 10, '-0.28571428571429'),
(661, 188, 1, '0.8'),
(662, 188, 7, '-0.75'),
(663, 188, 8, '-0.6'),
(664, 188, 9, '-0.84'),
(665, 188, 10, '-0.28571428571429'),
(666, 189, 1, '0.9'),
(667, 189, 7, '-0.9'),
(668, 189, 8, '-0.72'),
(669, 189, 9, '-0.904'),
(670, 189, 10, '-0.57142857142857'),
(671, 190, 1, '0.35714285714286'),
(672, 190, 7, '-0.052631578947368'),
(673, 190, 8, '-0.24418604651163'),
(674, 190, 9, '-0.9424'),
(675, 190, 10, '-0.7'),
(676, 191, 1, '0.9'),
(677, 191, 7, '-0.9'),
(678, 191, 8, '-0.72'),
(679, 191, 9, '-0.904'),
(680, 191, 10, '-0.57142857142857'),
(681, 192, 1, '0.9'),
(682, 192, 7, '-0.9'),
(683, 192, 8, '-0.72'),
(684, 192, 9, '-0.904'),
(685, 192, 10, '-0.57142857142857'),
(686, 193, 1, '0.9'),
(687, 193, 7, '-0.9'),
(688, 193, 8, '-0.72'),
(689, 193, 9, '-0.904'),
(690, 193, 10, '-0.57142857142857'),
(691, 194, 1, '0.8'),
(692, 194, 7, '-0.75'),
(693, 194, 8, '-0.6'),
(694, 194, 9, '-0.84'),
(695, 194, 10, '-0.28571428571429'),
(696, 195, 1, '-0.93571428571429'),
(697, 195, 7, '-0.6175'),
(698, 195, 8, '-0.805'),
(699, 195, 9, '-0.73029045643154'),
(700, 195, 10, '0.40778727445394'),
(701, 196, 1, '0.35714285714286'),
(702, 196, 7, '-0.052631578947368'),
(703, 196, 8, '-0.24418604651163'),
(704, 196, 9, '-0.9424'),
(705, 196, 10, '-0.7'),
(706, 197, 1, '-0.081632653061224'),
(707, 197, 7, '0.1375'),
(708, 197, 8, '0.24444444444444'),
(709, 197, 9, '-0.9424'),
(710, 197, 10, '-0.7'),
(711, 199, 1, '-0.76'),
(712, 199, 7, '-0.7'),
(713, 199, 8, '-0.7'),
(714, 199, 9, '-0.44'),
(715, 199, 10, '0.8'),
(716, 200, 1, '0.9'),
(717, 200, 7, '-0.9'),
(718, 200, 8, '-0.72'),
(719, 200, 9, '-0.904'),
(720, 200, 10, '-0.57142857142857'),
(721, 201, 1, '0.9'),
(722, 201, 7, '-0.9'),
(723, 201, 8, '-0.72'),
(724, 201, 9, '-0.904'),
(725, 201, 10, '-0.57142857142857'),
(726, 202, 1, '0.8'),
(727, 202, 7, '-0.75'),
(728, 202, 8, '-0.6'),
(729, 202, 9, '-0.84'),
(730, 202, 10, '-0.28571428571429'),
(731, 203, 1, '-0.9964'),
(732, 203, 7, '-0.9676'),
(733, 203, 8, '-0.95968'),
(734, 203, 9, '-0.26564102564103'),
(735, 203, 10, '0.73414634146341'),
(736, 204, 1, '-0.9964'),
(737, 204, 7, '-0.9676'),
(738, 204, 8, '-0.95968'),
(739, 204, 9, '-0.26564102564103'),
(740, 204, 10, '0.73414634146341'),
(741, 205, 1, '-0.928'),
(742, 205, 7, '-0.73'),
(743, 205, 8, '-0.79'),
(744, 205, 9, '-0.72'),
(745, 205, 10, '0.92'),
(746, 206, 1, '-0.928'),
(747, 206, 7, '-0.73'),
(748, 206, 8, '-0.79'),
(749, 206, 9, '-0.72'),
(750, 206, 10, '0.92'),
(751, 207, 1, '0.8'),
(752, 207, 7, '-0.75'),
(753, 207, 8, '-0.6'),
(754, 207, 9, '-0.84'),
(755, 207, 10, '-0.28571428571429'),
(756, 208, 1, '0.8'),
(757, 208, 7, '-0.75'),
(758, 208, 8, '-0.6'),
(759, 208, 9, '-0.84'),
(760, 208, 10, '-0.28571428571429'),
(761, 209, 1, '0.8'),
(762, 209, 7, '-0.75'),
(763, 209, 8, '-0.6'),
(764, 209, 9, '-0.84'),
(765, 209, 10, '-0.28571428571429'),
(766, 210, 1, '0.8'),
(767, 210, 7, '-0.75'),
(768, 210, 8, '-0.6'),
(769, 210, 9, '-0.84'),
(770, 210, 10, '-0.28571428571429'),
(771, 211, 1, '0.8'),
(772, 211, 7, '-0.75'),
(773, 211, 8, '-0.6'),
(774, 211, 9, '-0.84'),
(775, 211, 10, '-0.28571428571429'),
(776, 212, 1, '0.8'),
(777, 212, 7, '-0.75'),
(778, 212, 8, '-0.6'),
(779, 212, 9, '-0.84'),
(780, 212, 10, '-0.28571428571429'),
(781, 213, 1, '0.9'),
(782, 213, 7, '-0.9'),
(783, 213, 8, '-0.72'),
(784, 213, 9, '-0.904'),
(785, 213, 10, '-0.57142857142857'),
(786, 214, 1, '-0.030612244897959'),
(787, 214, 7, '0.425'),
(788, 214, 8, '0.12523364485981'),
(789, 214, 9, '-0.96544'),
(790, 214, 10, '-0.79'),
(791, 215, 1, '-0.030612244897959'),
(792, 215, 7, '0.425'),
(793, 215, 8, '0.12523364485981'),
(794, 215, 9, '-0.96544'),
(795, 215, 10, '-0.79'),
(796, 216, 1, '-0.030612244897959'),
(797, 216, 7, '0.425'),
(798, 216, 8, '0.12523364485981'),
(799, 216, 9, '-0.96544'),
(800, 216, 10, '-0.79'),
(801, 217, 1, '-0.030612244897959'),
(802, 217, 7, '0.425'),
(803, 217, 8, '0.12523364485981'),
(804, 217, 9, '-0.96544'),
(805, 217, 10, '-0.79'),
(806, 218, 1, '0.9'),
(807, 218, 7, '-0.9'),
(808, 218, 8, '-0.72'),
(809, 218, 9, '-0.904'),
(810, 218, 10, '-0.57142857142857'),
(811, 219, 1, '0.9'),
(812, 219, 7, '-0.9'),
(813, 219, 8, '-0.72'),
(814, 219, 9, '-0.904'),
(815, 219, 10, '-0.57142857142857'),
(816, 220, 1, '0.9'),
(817, 220, 7, '-0.9'),
(818, 220, 8, '-0.72'),
(819, 220, 9, '-0.904'),
(820, 220, 10, '-0.57142857142857'),
(821, 221, 1, '0.8'),
(822, 221, 7, '-0.75'),
(823, 221, 8, '-0.6'),
(824, 221, 9, '-0.84'),
(825, 221, 10, '-0.28571428571429'),
(826, 222, 1, '0.8'),
(827, 222, 7, '-0.75'),
(828, 222, 8, '-0.6'),
(829, 222, 9, '-0.84'),
(830, 222, 10, '-0.28571428571429'),
(831, 223, 1, '0.9'),
(832, 223, 7, '-0.9'),
(833, 223, 8, '-0.72'),
(834, 223, 9, '-0.904'),
(835, 223, 10, '-0.57142857142857'),
(836, 224, 1, '0.9'),
(837, 224, 7, '-0.9'),
(838, 224, 8, '-0.72'),
(839, 224, 9, '-0.904'),
(840, 224, 10, '-0.57142857142857');

-- --------------------------------------------------------

--
-- Table structure for table `rekam_medis`
--

CREATE TABLE IF NOT EXISTS `rekam_medis` (
  `id_rekam_medis` int(11) NOT NULL,
  `id_pasien` int(11) NOT NULL,
  `id_penyakit` int(11) NOT NULL,
  `cf_penyakit` varchar(50) NOT NULL,
  `tgl_rekam_medis` date NOT NULL
) ENGINE=InnoDB AUTO_INCREMENT=225 DEFAULT CHARSET=latin1;

--
-- Dumping data for table `rekam_medis`
--

INSERT INTO `rekam_medis` (`id_rekam_medis`, `id_pasien`, `id_penyakit`, `cf_penyakit`, `tgl_rekam_medis`) VALUES
(62, 13, 10, '0.74347826086957', '2018-02-21'),
(63, 15, 10, '0.76490066225166', '2018-02-21'),
(64, 15, 7, '-0.093333333333333', '2018-02-21'),
(65, 15, 10, '-0.16397280124847', '2018-02-21'),
(66, 14, 9, '0.1746835443038', '2018-02-21'),
(67, 15, 7, '-0.14285714285714', '2018-02-21'),
(68, 15, 1, '0.5', '2018-02-21'),
(69, 15, 1, '0.9', '2018-02-21'),
(70, 15, 1, '0.8', '2018-02-21'),
(71, 15, 1, '0.8', '2018-02-21'),
(72, 15, 1, '0.8', '2018-02-21'),
(73, 15, 1, '0.8', '2018-02-21'),
(74, 15, 1, '0.8', '2018-02-21'),
(75, 15, 1, '0.8', '2018-02-21'),
(76, 15, 1, '0.8', '2018-02-21'),
(77, 15, 1, '0.8', '2018-02-21'),
(78, 15, 1, '0.8', '2018-02-21'),
(79, 15, 1, '0.8', '2018-02-21'),
(80, 15, 1, '0.8', '2018-02-21'),
(81, 15, 1, '0.8', '2018-02-21'),
(82, 15, 1, '0.8', '2018-02-21'),
(83, 15, 1, '0.8', '2018-02-21'),
(84, 15, 1, '0.8', '2018-02-21'),
(85, 15, 1, '0.8', '2018-02-21'),
(86, 15, 1, '0.8', '2018-02-21'),
(87, 15, 1, '0.8', '2018-02-21'),
(88, 15, 1, '0.8', '2018-02-21'),
(89, 15, 1, '0.8', '2018-02-21'),
(90, 15, 1, '0.8', '2018-02-19'),
(91, 15, 1, '0.8', '2018-02-20'),
(92, 15, 1, '0.8', '2018-02-21'),
(93, 15, 1, '0.8', '2018-02-21'),
(94, 15, 1, '0.8', '2018-02-21'),
(95, 15, 1, '0.8', '2018-02-21'),
(96, 15, 1, '0.8', '2018-02-21'),
(97, 15, 1, '0.8', '2018-02-21'),
(98, 15, 1, '0.8', '2018-02-21'),
(99, 15, 1, '0.8', '2018-02-21'),
(100, 15, 1, '0.8', '2018-02-21'),
(101, 15, 1, '0.8', '2018-02-21'),
(102, 15, 1, '0.8', '2018-02-21'),
(103, 15, 1, '0.8', '2018-02-21'),
(104, 15, 1, '0.8', '2018-02-21'),
(105, 15, 1, '0.8', '2018-02-21'),
(106, 15, 1, '0.8', '2018-02-21'),
(107, 15, 7, '0.72', '2018-02-21'),
(108, 15, 10, '-0.13653534808419', '2018-02-21'),
(109, 15, 10, '-0.13653534808419', '2018-02-21'),
(110, 15, 10, '-0.13653534808419', '2018-02-21'),
(111, 15, 10, '-0.13653534808419', '2018-02-21'),
(112, 15, 10, '-0.13653534808419', '2018-02-21'),
(113, 15, 10, '-0.13653534808419', '2018-02-21'),
(114, 15, 10, '-0.13653534808419', '2018-02-21'),
(115, 15, 10, '-0.13653534808419', '2018-02-21'),
(116, 15, 10, '-0.13653534808419', '2018-02-21'),
(117, 15, 10, '-0.13653534808419', '2018-02-21'),
(118, 15, 10, '-0.13653534808419', '2018-02-21'),
(119, 15, 10, '-0.13653534808419', '2018-02-21'),
(120, 15, 10, '-0.13653534808419', '2018-02-21'),
(121, 15, 10, '-0.13653534808419', '2018-02-21'),
(122, 15, 10, '-0.13653534808419', '2018-02-21'),
(123, 15, 10, '-0.13653534808419', '2018-02-21'),
(124, 15, 10, '-0.13653534808419', '2018-02-21'),
(125, 15, 10, '-0.13653534808419', '2018-02-21'),
(126, 15, 10, '-0.13653534808419', '2018-02-21'),
(127, 15, 10, '-0.13653534808419', '2018-02-21'),
(128, 15, 10, '-0.13653534808419', '2018-02-21'),
(129, 15, 10, '-0.13653534808419', '2018-02-21'),
(130, 15, 10, '-0.13653534808419', '2018-02-21'),
(131, 15, 10, '-0.13653534808419', '2018-02-21'),
(132, 15, 10, '-0.13653534808419', '2018-02-21'),
(133, 15, 10, '-0.13653534808419', '2018-02-21'),
(134, 15, 10, '-0.13653534808419', '2018-02-21'),
(135, 15, 10, '-0.13653534808419', '2018-02-21'),
(136, 15, 10, '-0.13653534808419', '2018-02-21'),
(137, 15, 10, '-0.13653534808419', '2018-02-21'),
(138, 15, 10, '-0.13653534808419', '2018-02-21'),
(139, 15, 10, '-0.13653534808419', '2018-02-21'),
(140, 15, 10, '-0.13653534808419', '2018-02-21'),
(141, 15, 10, '-0.13653534808419', '2018-02-21'),
(142, 15, 10, '-0.13653534808419', '2018-02-21'),
(143, 15, 10, '-0.13653534808419', '2018-02-21'),
(144, 15, 10, '-0.13653534808419', '2018-02-21'),
(145, 15, 10, '-0.13653534808419', '2018-02-21'),
(146, 15, 10, '-0.13653534808419', '2018-02-21'),
(147, 15, 10, '-0.13653534808419', '2018-02-21'),
(148, 15, 10, '-0.13653534808419', '2018-02-21'),
(149, 15, 10, '-0.13653534808419', '2018-02-21'),
(150, 15, 10, '-0.13653534808419', '2018-02-21'),
(151, 15, 10, '-0.13653534808419', '2018-02-21'),
(152, 15, 10, '-0.13653534808419', '2018-02-21'),
(153, 15, 10, '-0.13653534808419', '2018-02-21'),
(154, 15, 10, '-0.13653534808419', '2018-02-21'),
(155, 15, 10, '-0.13653534808419', '2018-02-21'),
(156, 15, 10, '-0.13653534808419', '2018-02-21'),
(157, 15, 10, '-0.13653534808419', '2018-02-21'),
(158, 15, 10, '-0.13653534808419', '2018-02-21'),
(159, 15, 10, '-0.13653534808419', '2018-02-21'),
(160, 15, 10, '-0.13653534808419', '2018-02-21'),
(161, 15, 10, '-0.13653534808419', '2018-02-21'),
(162, 15, 10, '-0.13653534808419', '2018-02-21'),
(163, 15, 10, '-0.13653534808419', '2018-02-21'),
(164, 15, 10, '-0.13653534808419', '2018-02-21'),
(165, 15, 10, '-0.13653534808419', '2018-02-21'),
(166, 15, 10, '-0.13653534808419', '2018-02-21'),
(167, 15, 10, '-0.13653534808419', '2018-02-21'),
(168, 15, 10, '-0.13653534808419', '2018-02-21'),
(169, 15, 10, '-0.13653534808419', '2018-02-21'),
(170, 15, 10, '-0.13653534808419', '2018-02-21'),
(171, 15, 10, '-0.13653534808419', '2018-02-21'),
(172, 15, 10, '-0.13653534808419', '2018-02-21'),
(173, 15, 10, '-0.13653534808419', '2018-02-21'),
(174, 15, 10, '-0.13653534808419', '2018-02-21'),
(175, 15, 10, '-0.13653534808419', '2018-02-21'),
(176, 15, 10, '-0.13653534808419', '2018-02-21'),
(177, 15, 10, '-0.13653534808419', '2018-02-21'),
(178, 15, 10, '-0.13653534808419', '2018-02-21'),
(179, 15, 10, '-0.13653534808419', '2018-02-21'),
(180, 15, 10, '-0.13653534808419', '2018-02-21'),
(181, 15, 10, '-0.13653534808419', '2018-02-21'),
(182, 15, 10, '-0.13653534808419', '2018-02-21'),
(183, 15, 10, '-0.13653534808419', '2018-02-21'),
(184, 15, 10, '-0.13653534808419', '2018-02-21'),
(185, 15, 1, '0.9', '2018-02-21'),
(186, 15, 1, '0.9', '2018-02-21'),
(187, 15, 1, '0.8', '2018-02-21'),
(188, 15, 1, '0.8', '2018-02-21'),
(189, 15, 1, '0.9', '2018-02-21'),
(190, 15, 1, '0.35714285714286', '2018-02-21'),
(191, 15, 1, '0.9', '2018-02-21'),
(192, 15, 1, '0.9', '2018-02-21'),
(193, 15, 1, '0.9', '2018-02-21'),
(194, 15, 1, '0.8', '2018-02-21'),
(195, 15, 10, '0.40778727445394', '2018-02-21'),
(196, 15, 1, '0.35714285714286', '2018-02-21'),
(197, 15, 8, '0.24444444444444', '2018-02-21'),
(199, 13, 10, '0.8', '2018-02-22'),
(200, 13, 1, '0.9', '2018-02-22'),
(201, 13, 1, '0.9', '2018-02-22'),
(202, 13, 1, '0.8', '2018-02-22'),
(203, 13, 10, '0.73414634146341', '2018-02-22'),
(204, 13, 10, '0.73414634146341', '2018-02-22'),
(205, 13, 10, '0.92', '2018-02-22'),
(206, 13, 10, '0.92', '2018-02-22'),
(207, 0, 1, '0.8', '2018-02-22'),
(208, 0, 1, '0.8', '2018-02-22'),
(209, 0, 1, '0.8', '2018-02-22'),
(210, 0, 1, '0.8', '2018-02-22'),
(211, 0, 1, '0.8', '2018-02-22'),
(212, 0, 1, '0.8', '2018-02-22'),
(213, 0, 1, '0.9', '2018-02-22'),
(214, 10, 7, '0.425', '2018-02-22'),
(215, 10, 7, '0.425', '2018-02-22'),
(216, 10, 7, '0.425', '2018-02-22'),
(217, 10, 7, '0.425', '2018-02-22'),
(218, 3, 1, '0.9', '2018-02-22'),
(219, 10, 1, '0.9', '2018-02-22'),
(220, 3, 1, '0.9', '2018-03-07'),
(221, 10, 1, '0.8', '2018-03-07'),
(222, 3, 1, '0.8', '2018-03-07'),
(223, 10, 1, '0.9', '2018-03-07'),
(224, 3, 1, '0.9', '2018-03-07');

--
-- Indexes for dumped tables
--

--
-- Indexes for table `admin`
--
ALTER TABLE `admin`
  ADD PRIMARY KEY (`id_admin`);

--
-- Indexes for table `data_pasien`
--
ALTER TABLE `data_pasien`
  ADD PRIMARY KEY (`id_pasien`);

--
-- Indexes for table `gejala`
--
ALTER TABLE `gejala`
  ADD PRIMARY KEY (`id_gejala`);

--
-- Indexes for table `gejala_dipilih`
--
ALTER TABLE `gejala_dipilih`
  ADD PRIMARY KEY (`id_gejala_dipilih`);

--
-- Indexes for table `hasil`
--
ALTER TABLE `hasil`
  ADD PRIMARY KEY (`id_hasil`);

--
-- Indexes for table `obat`
--
ALTER TABLE `obat`
  ADD PRIMARY KEY (`id_obat`);

--
-- Indexes for table `obat_penyakit`
--
ALTER TABLE `obat_penyakit`
  ADD PRIMARY KEY (`id_obat_penyakit`);

--
-- Indexes for table `pengaturan`
--
ALTER TABLE `pengaturan`
  ADD PRIMARY KEY (`id_pengaturan`);

--
-- Indexes for table `pengetahuan`
--
ALTER TABLE `pengetahuan`
  ADD PRIMARY KEY (`id_pengetahuan`);

--
-- Indexes for table `penyakit`
--
ALTER TABLE `penyakit`
  ADD PRIMARY KEY (`id_penyakit`);

--
-- Indexes for table `penyakit_rekam_medis`
--
ALTER TABLE `penyakit_rekam_medis`
  ADD PRIMARY KEY (`id_penyakit_rekam_medis`);

--
-- Indexes for table `rekam_medis`
--
ALTER TABLE `rekam_medis`
  ADD PRIMARY KEY (`id_rekam_medis`);

--
-- AUTO_INCREMENT for dumped tables
--

--
-- AUTO_INCREMENT for table `admin`
--
ALTER TABLE `admin`
  MODIFY `id_admin` int(11) NOT NULL AUTO_INCREMENT,AUTO_INCREMENT=2;
--
-- AUTO_INCREMENT for table `data_pasien`
--
ALTER TABLE `data_pasien`
  MODIFY `id_pasien` int(11) NOT NULL AUTO_INCREMENT,AUTO_INCREMENT=16;
--
-- AUTO_INCREMENT for table `gejala`
--
ALTER TABLE `gejala`
  MODIFY `id_gejala` int(11) NOT NULL AUTO_INCREMENT,AUTO_INCREMENT=35;
--
-- AUTO_INCREMENT for table `gejala_dipilih`
--
ALTER TABLE `gejala_dipilih`
  MODIFY `id_gejala_dipilih` int(11) NOT NULL AUTO_INCREMENT,AUTO_INCREMENT=643;
--
-- AUTO_INCREMENT for table `hasil`
--
ALTER TABLE `hasil`
  MODIFY `id_hasil` int(11) NOT NULL AUTO_INCREMENT;
--
-- AUTO_INCREMENT for table `obat`
--
ALTER TABLE `obat`
  MODIFY `id_obat` int(11) NOT NULL AUTO_INCREMENT,AUTO_INCREMENT=2;
--
-- AUTO_INCREMENT for table `obat_penyakit`
--
ALTER TABLE `obat_penyakit`
  MODIFY `id_obat_penyakit` int(11) NOT NULL AUTO_INCREMENT;
--
-- AUTO_INCREMENT for table `pengaturan`
--
ALTER TABLE `pengaturan`
  MODIFY `id_pengaturan` int(11) NOT NULL AUTO_INCREMENT;
--
-- AUTO_INCREMENT for table `pengetahuan`
--
ALTER TABLE `pengetahuan`
  MODIFY `id_pengetahuan` int(11) NOT NULL AUTO_INCREMENT,AUTO_INCREMENT=66;
--
-- AUTO_INCREMENT for table `penyakit`
--
ALTER TABLE `penyakit`
  MODIFY `id_penyakit` int(11) NOT NULL AUTO_INCREMENT,AUTO_INCREMENT=12;
--
-- AUTO_INCREMENT for table `penyakit_rekam_medis`
--
ALTER TABLE `penyakit_rekam_medis`
  MODIFY `id_penyakit_rekam_medis` int(11) NOT NULL AUTO_INCREMENT,AUTO_INCREMENT=841;
--
-- AUTO_INCREMENT for table `rekam_medis`
--
ALTER TABLE `rekam_medis`
  MODIFY `id_rekam_medis` int(11) NOT NULL AUTO_INCREMENT,AUTO_INCREMENT=225;
/*!40101 SET CHARACTER_SET_CLIENT=@OLD_CHARACTER_SET_CLIENT */;
/*!40101 SET CHARACTER_SET_RESULTS=@OLD_CHARACTER_SET_RESULTS */;
/*!40101 SET COLLATION_CONNECTION=@OLD_COLLATION_CONNECTION */;
